{"0":{"splines":[[0,0,-0.1125000000000001,0.33999999999999986,-0.36,-0.1050000000000001,-0.2775000000000001,-0.5449999999999999,0.22874999999999995,-0.5650000000000001,0.375,-0.23999999999999988,1.11375,1.735,1.40625,1.2999999999999998,1.59375,1.6099999999999999,1.62375,2,1.4025,1.9549999999999998,1.09125,1.775,1.1400000000000001,0.825,1.065,-0.05499999999999994],[1.06875,-0.04500000000000004,1.08,-0.16500000000000015,0.9974999999999998,-0.2350000000000001,1.2112499999999997,-0.3400000000000002,1.23,-0.31000000000000016,1.3312499999999998,-0.19500000000000017,0.9974999999999998,0.6399999999999999,0.735,1.115,0.40874999999999995,1.2850000000000001,-0.2137500000000001,1.355,-0.26250000000000007,1.025,-0.28125,0.3999999999999999,0.00749999999999984,0.19999999999999996,0.2924999999999999,0.21499999999999997,0.49499999999999994,0.5449999999999999,0.22124999999999995,0.73]],"numOfSplines":2,"FontPosition":[-0.1,-0.15]},"1":{"splines":[[0,0,0.6325000000000001,0.5099999999999999,0.865,0.9366666666666665,0.9650000000000001,1.3066666666666666,0.7150000000000001,1.3233333333333333,0.44000000000000006,1.2966666666666666,0.3425,1.2033333333333331,0.39250000000000007,1.0533333333333332,0.4425,0.10666666666666669,0.25,-0.32000000000000006],[0.32500000000000007,-0.06666666666666665,0.41500000000000004,0.21999999999999997,0.675,0.42999999999999994,0.8,0.32666666666666666,1.105,-0.6333333333333333,0.665,-0.6466666666666667,0.12,-0.54,0.0050000000000001155,-0.42333333333333334,-0.38749999999999996,0.020000000000000018,0.35250000000000004,0.4033333333333333,0.45500000000000007,0.1233333333333333,0.5225000000000001,-0.56,-0.07499999999999996,-0.3533333333333335]],"numOfSplines":2,"FontPosition":[-0.26,-0.05]},"18":{"splines":[[0,0,0.2100000000000002,0.050000000000000044,0.21750000000000003,0.3666666666666667,0.25250000000000017,0.4,0.07500000000000018,0.3733333333333333,-0.10499999999999998,0.44666666666666666,-0.34999999999999987,0.3466666666666667,-0.23499999999999988,0.18999999999999995,-0.3899999999999999,0.15999999999999992,-0.39249999999999985,-0.20666666666666667,-0.125,-1,-0.39749999999999996,-1.35,-0.3524999999999998,-1.4633333333333334,-0.2274999999999998,-1.5,-1.17,-1.4733333333333334,-1.1974999999999998,-1.4933333333333334,-1.4375,-1.5133333333333334,-1.4249999999999998,-1.36,-1.43,-0.20000000000000007,-1.19,0.24,-0.25,0.19666666666666666,-0.2749999999999999,-0.7233333333333334,-0.6425,-1.0366666666666666,-0.95,-0.9233333333333333]],"numOfSplines":1,"FontPosition":[1,0.9]},"32":{"splines":[[0,0,-0.06300000000000006,-0.20766666666666672,0.07349999999999998,-0.36400000000000005,0.22400000000000003,-0.08399999999999999,0.4847499999999999,0.31733333333333325,0.40249999999999997,0.44799999999999995,0.027999999999999945,0.37799999999999995,-0.2975,0.2776666666666666,-0.43225,-0.3733333333333333,-0.11550000000000002,-0.49933333333333324,-0.1015,-0.4013333333333333,0.21700000000000003,-0.413,0.26075000000000004,0.009333333333333315],[0.26075000000000004,-0.009333333333333393,0.16274999999999995,-0.322,0.2729999999999999,-0.41066666666666674,0.36049999999999993,-0.2636666666666666]],"numOfSplines":2,"FontPosition":[-0.34,-0.02]},"33":{"splines":[[0,0,0.6325000000000001,0.5099999999999999,0.865,0.9366666666666665,0.9650000000000001,1.3066666666666666,0.7150000000000001,1.3233333333333333,0.44000000000000006,1.2966666666666666,0.3425,1.2033333333333331,0.39250000000000007,1.0533333333333332,0.4425,0.10666666666666669,0.25,-0.32000000000000006],[0.32500000000000007,-0.06666666666666665,0.41500000000000004,0.21999999999999997,0.675,0.42999999999999994,0.8,0.32666666666666666,1.105,-0.6333333333333333,0.665,-0.6466666666666667,0.12,-0.54,0.0050000000000001155,-0.42333333333333334,-0.38749999999999996,0.020000000000000018,0.35250000000000004,0.4033333333333333,0.45500000000000007,0.1233333333333333,0.5225000000000001,-0.56,-0.07499999999999996,-0.3533333333333335]],"numOfSplines":2,"FontPosition":[-0.4,-0.02]},"39":{"splines":[[0,0,0.4125,0.25,0.9400000000000001,0.2333333333333334,1.5299999999999998,1.2933333333333334,0.695,1.3066666666666666,0.92,1.3133333333333335,0.6224999999999999,1.3166666666666667,0.36249999999999993,0.2533333333333334,0.4,-0.06000000000000005,0.24,-0.47],[0.245,-0.45999999999999996,0.4225,0.21333333333333337,0.7224999999999999,0.43666666666666665,0.8424999999999999,0.046666666666666634,0.8825,-0.030000000000000027,0.5725,-0.6733333333333333,0.45499999999999996,-0.5900000000000001,0.4325,-0.6299999999999999,0.8025,-0.5766666666666667,0.9999999999999999,-0.6299999999999999,1.0949999999999998,-0.6533333333333333,1.3199999999999998,-0.020000000000000018,1.2225000000000001,0.22666666666666657,0.965,0.22666666666666657,0.7525,0.2766666666666666,0.6425,-0.6000000000000001,0.93,-0.32333333333333325]],"numOfSplines":2,"FontPosition":[-0.65,0.1]},"40":{"splines":[[0,0,0.055499999999999945,-0.19200000000000003,0.11549999999999994,-0.15200000000000005,0.486,0.38799999999999996,0.4815,0.5199999999999999,0.3104999999999999,0.6059999999999999,0.48449999999999993,0.4119999999999999,0.45749999999999996,0.5039999999999999,0.414,0.5259999999999999,0.42,0.5579999999999999,0.5235,0.37599999999999995,0.222,0.44799999999999995,0.5474999999999999,0.5019999999999999,0.5159999999999999,0.42999999999999994,-0.07950000000000003,-0.2180000000000001,0.04049999999999993,-0.1940000000000001,0.19349999999999992,-0.1840000000000001,0.2894999999999999,-0.16400000000000006,0.38849999999999996,-0.05600000000000009],[0.5099999999999999,0.67,0.4664999999999999,0.6559999999999999,0.4695,0.592,0.4724999999999999,0.576,0.5414999999999999,0.566,0.5565,0.572,0.57,0.67,0.5219999999999999,0.67]],"numOfSplines":2,"FontPosition":[-0.66,-0.26]},"46":{"splines":[[0,0,-0.3500000000000001,-0.3533333333333334,-0.35250000000000004,-0.76,-0.23750000000000004,-1.24,0.1775,-1.12,0.5125,-0.12,0.4324999999999999,0.29333333333333333,-0.08750000000000002,0.22666666666666668,0,0.17666666666666664,-0.10750000000000004,-0.16999999999999993,-0.26250000000000007,-0.4733333333333334,0.3999999999999999,-0.31333333333333335]],"numOfSplines":1,"FontPosition":[0.08,0.4]},"49":{"splines":[[0,0,0.3800000000000001,-0.021999999999999915,0.23249999999999993,0.05133333333333336,0.5700000000000001,0.22466666666666676,0.09499999999999997,0.04966666666666666,0.26,0.3666666666666667,0.24249999999999994,0.06066666666666667,-0.4675,-0.3499999999999999,-0.29499999999999993,-0.44,0.7725,0.05366666666666666,0.8925000000000001,0.3666666666666667,0.8500000000000001,0.4000000000000001,0.36250000000000004,0.3233333333333334,0.16500000000000004,-0.4066666666666666,0.21500000000000008,-0.6533333333333332,0.4850000000000001,-0.6866666666666666,0.6799999999999999,-0.2566666666666666]],"numOfSplines":1,"FontPosition":[-0.13,0.07]},"50":{"splines":[[0,0,0.555,0.4166666666666665,0.655,0.6466666666666666,0.665,0.8399999999999999,0.78,1.2,1.3624999999999998,0.8266666666666665,0.3125,0.96,0.1725,0.8533333333333333,0.3025,0.7366666666666666,1.8624999999999998,-0.3966666666666667,0.49250000000000005,-0.6000000000000001,0.022499999999999964,-0.45333333333333337,-0.05999999999999994,-0.28666666666666685,-0.05999999999999994,0.3899999999999999,0.03249999999999997,0.6433333333333332,0.18000000000000005,0.5866666666666666,0.69,-0.16000000000000014,0.0025000000000000577,-0.11333333333333351]],"numOfSplines":1,"FontPosition":[-0.33,-0.26]},